arquivo,sha256,ficha,assunto,vista,certeza,obs
imagens/estudos_historicos/exec-d5e0bd86-1dd4-44e5-b447-a7da2a4240bc.png,04ccf8f978797d7dcbf677b9893c459ae1c5c3cb318aee1270cf9c172a47f05d,COE-PRO-001,avatar,prancha,media,"#0; estudo histórico: base infantil A (menino, cabelo castanho claro, olhos azuis) vestida frente/perfil/costas + rosto; sem versão em vistas separadas"
imagens/estudos_historicos/exec-b83da087-c6b4-470e-8dd0-536a320b6e64.png,a0950385e0fbbc6b641fd03f4d20253434956a0e46a1d9f247a31bb3d6535f71,COE-NPC-003,borin,prancha,alta,"#1; estudo histórico: Borin vestido frente/perfil/costas + rostos, luvas e avental; mesmo rosto de #86"
imagens/acervo_anterior/exec-83c22277-2d98-4aaf-b9bc-8eb8e0c34b8d.png,5b2fad67e9e5de8dd6d9d0fbd2094d0f13201a0ec76a26c100cd1ff8c078cc56,COE-ARC-016,cenario:praca_de_auren,cena,alta,#2; imagem-piloto: praça com poço e bancas
imagens/estudos_historicos/exec-62686329-5e46-43e1-8943-be36fdeba1d7.png,f3b9dd4dea12ff290b9e838f711732c6d8f637a259edb8cc8119bfa5659ec3f3,COE-NPC-011,sera,prancha,alta,#3; estudo histórico: Sera 5 vestida frente/perfil/costas + 3 expressões; roupa = #70 #71 #89 #90 #91
imagens/estudos_historicos/exec-0fd963a4-3016-4491-a68c-ce86b93638bb.png,a8cd315a6bd7e7265f83496dda3369813d84262da226013ffd5f2aaa822e8ec7,COE-PRO-002,avatar,prancha,media,#4; estudo histórico: criança cacheada vestida frente/perfil/costas + rosto; refeita em vistas separadas #5-#19
imagens/acervo_anterior/exec-9f74b481-b524-4a16-ae22-2c91712dedf7.png,6f5c6cddeff1c12e06616c46b6bb67a1dfb77a8789944c6711d48ac46d242911,COE-PRO-002,avatar,frente,media,"#5; criança cacheada VESTIDA (colete verde, camisa de linho, calção verde); mesmo rosto de #4"
imagens/acervo_anterior/exec-48fa65ed-32b5-4e7e-a530-8e5cdfb87974.png,74c1e7a873ce05af69202cdc3fc62594eb839cd1a4b61e03fbe1055879390f63,COE-PRO-002,avatar,perfil,media,#6; vestida; mesma criança de #5
imagens/acervo_anterior/exec-1494a991-87b5-48e4-a664-c4059ace7d75.png,aac12d262d633f00cb22603d6f51c8d942dba68ed2fbddd72727d526c3b10f3e,COE-PRO-002,avatar,rosto,media,"#7; close de rosto, vestida; mesma criança de #5"
imagens/acervo_anterior/exec-9770c143-f4b8-4cd5-ad96-1ac4d7dda471.png,cee6869488754d14fef8a6c181b2d653ae99dfda5ed3a1472d43e9793075af20,COE-PRO-002,avatar,costas,media,#8; vestida; mesma criança de #5
imagens/acervo_anterior/exec-d315f636-d05d-4037-a8f5-c6b2fca45832.png,374c631e5620be83ea7bf9b4b24a993c98795ce6ad30707c5a7c319f289a3cf2,COE-PRO-002,avatar,frente,media,#9; corpo de referência de macacão marfim; mesma criança de #5
imagens/acervo_anterior/exec-96559ba1-2806-46d0-be02-3f7f7c7e683d.png,e257aa703fbe5c13a49f8a2ab01b537c0ba06b571c42348e25c5271176e1464f,COE-PRO-002,roupa:colete_verde_infantil,peca,media,"#10; avatar: colete com laço, frente"
imagens/acervo_anterior/exec-be67b33d-8fb7-4aca-92b7-6ea95b6f6017.png,e0e337dce10c0e87b70f4324ecc9e6e40b6209d58b96b2b6e141b2f9d3f785d4,COE-PRO-002,roupa:camisa_linho_infantil,peca,media,"#11; avatar: camisa de linho, frente"
imagens/acervo_anterior/exec-00db520a-0799-4e91-8b91-caa68b22b54d.png,a1a00269cc1f8160329c33a23acc51fb43ab293d211c7a1836b42e6e81102bc3,COE-PRO-002,roupa:calcao_verde_infantil,peca,media,"#12; avatar: calção balão, frente"
imagens/acervo_anterior/exec-d47a0c3e-371a-461b-9b07-922a9d519b42.png,934aa5473ad09879e6dac19b66307e99c20f1c58f456122a17ed3d43438c09e6,COE-PRO-002,roupa:sapato_infantil_tira,peca,media,#13; avatar: par de sapatos de couro com tira
imagens/acervo_anterior/exec-9b6e325c-b286-4f03-8b11-33b1b56e8f59.png,850fb299c158f0073180678f0b7b815793b184df8e3d3235e0bb172e2e6aecd6,COE-PRO-002,roupa:colete_verde_infantil,peca,media,"#14; avatar: colete, costas"
imagens/acervo_anterior/exec-ee507851-4f9e-4e69-9faf-7f8ab4b4ee59.png,852419c0bde678664f8b5c9e33a6d6b912e6ab6ea716e8e6f3fa9bf38809ef5d,COE-PRO-002,avatar,perfil,media,#15; corpo de referência de macacão marfim
imagens/acervo_anterior/exec-c07ca2ea-0cdd-4d6c-81a3-15a586b874fb.png,690145598d8adf641a3ffe5fad41fda22956b2714519b3f559326ab773b93c96,COE-PRO-002,avatar,costas,media,#16; corpo de referência de macacão marfim
imagens/acervo_anterior/exec-fa625c9c-b572-4cf3-b9fa-2ae1580db39d.png,8a8547d0c73d25e380f78f0a774ad9fd3c9d2b607101663884a43d10e2c85abb,COE-PRO-002,roupa:camisa_linho_infantil,peca,media,"#17; avatar: camisa, costas"
imagens/acervo_anterior/exec-5e353e5b-3408-4aec-ad41-f4a8ed197203.png,248ae80af5890d023cd246638a90cc338c0343a6b25b4f0584054920aa829741,COE-PRO-002,roupa:calcao_verde_infantil,peca,media,"#18; avatar: calção, costas"
imagens/acervo_anterior/exec-327d530a-42d5-4b16-a7fc-0c08ac00d860.png,b64d9fa1e28c38533d6950482d922cd637b706eec8ddb4b57a4d1f2c7e4dfc6b,COE-PRO-002,roupa:sapato_infantil_tira,peca,media,"#19; avatar: sapato, lateral"
imagens/acervo_anterior/exec-f6053659-5f8e-4e91-8d29-2f26fbd33c8d.png,b4e1e893f869ca67edfeb0c2b6b7472dd13d36d6c02112b32f7545a67741b8d5,COE-ARC-001,estrutura:casa_agricultora,peca,media,#20; casa rural com horta
imagens/acervo_anterior/exec-43c542a9-3beb-4d36-b746-c4878a0c362e.png,460ddddaeb89d0028b4e3508dda8d620c242b3a9d660a703548ca08db1526a7a,COE-MAG-001,simbolo:trama,peca,alta,#21; emblema da Trama chapado azul-marinho
imagens/acervo_anterior/exec-e0b14d68-30c5-43f8-a1de-97a14d46832c.png,e065c5ad0c7a44443d5df92f8579f0c65aadd4c51b0fc18521ff66195394d12c,COE-ARC-008,estrutura:ferraria,peca,alta,"#22; ferraria exterior: forja coberta, chaminé, tanque"
imagens/acervo_anterior/exec-b55b46ce-e97b-4230-86e4-0f7875ffdfeb.png,fcd74df3f28b8cbad1d1ae733d07b5f822ebbecabc7c4cebe1b5d6d7c742451e,COE-NAT-001,natureza:arvore_comum_auren,peca,media,#23; árvore caducifólia (carvalho) isolada
imagens/acervo_anterior/exec-127fa646-dcde-46a9-bfc9-d9c4b79bcb13.png,8e547cb7a10551455f3bf7d66656e873f13c29bf98a05aa6c763c646ceda56c7,COE-ARC-008,estrutura:ferraria,peca,alta,#24; segunda versão de #22
imagens/acervo_anterior/exec-f2b0827c-1177-4ea6-98f0-f93b73eeec97.png,b8eaf0da42e918d6bee3560b79834cccd1468bf2182501d0d4631c0451e7dbf4,COE-ARC-001,estrutura:casa_rural,peca,baixa,#25; casa rural sem horta nem anexo; variante da base modular (ARC-001/002/003?)
imagens/acervo_anterior/exec-f70b8959-084b-413a-ba27-6aa89881353e.png,51dc722225266137138dff87252c301445a1d5b6b0346350c5eb023f5b0da737,COE-ARC-001,estrutura:casa_agricultora,peca,media,#26; variante de #20 com horta
imagens/acervo_anterior/exec-3642ecea-f711-47a8-aec1-805b52505d09.png,7cdf0c1c8327da829651258cdab3015b909294151e4eaf949191f307005af039,COE-NAT-001,natureza:galho_de_carvalho,peca,media,#27; detalhe de folhagem da árvore de #23
imagens/acervo_anterior/exec-0faec674-6067-4b9f-ac9c-a5e15a054a39.png,26160955872a061a674f2cc7155925a1f2ca4436f9581052e03c16b52263da6e,COE-NAT-003,natureza:arvore_antiga_tronco,peca,media,#28; tronco retorcido com raízes largas; pode ser NAT-017
imagens/acervo_anterior/exec-a23639ff-b669-44c1-a659-33aa8c7f9c57.png,af09da2f7565f24293d2601f1688644c9c8e7e3a24fcc8dd281e71b7dcc1da43,COE-MAG-001,simbolo:trama,peca,media,#29; emblema da Trama em metal dourado; variante de #21 (ou MAG-005)
imagens/acervo_anterior/exec-dbae6bbc-4722-44d1-8ef3-915b0cf7446f.png,ee49602e04f86bd91e93ef5850a9a5bf0720b4eb6ad82e9599218e20ff60c9c4,COE-ARC-016,cenario:praca_de_auren,cena,media,#30; segunda versão da praça de #2
imagens/acervo_anterior/exec-605a1efb-f4e7-42ae-8bba-772cb1fdaead.png,a4d48ab850fef271a5dd7edcacebbc20b337d241ec3b01cfae675f0086a0e23f,COE-SCN-005,cenario:auren_vista_geral,cena,media,"#31; vista aérea da vila com campos, riacho e ponte"
imagens/acervo_anterior/exec-22107492-8214-4c92-a398-8d1a431d1b28.png,34315d7c3b0defad8acb12346fd217483aa7e3c486e892916fc91dfdb940380a,COE-PRP-017,prop:lanterna,peca,media,#32
imagens/acervo_anterior/exec-dc9f1de1-0734-4ae2-8d2f-af20dd005caa.png,9fde364ca263cf46fd2f3c8a136e30f2d838dbae38f639a963ef394ac200b5a6,COE-PRP-029,prop:cesto_perdido,peca,media,#33; cesto de vime com lenço turquesa identificador
imagens/acervo_anterior/exec-8b9b8b8c-494b-42de-b8cb-0214dcca6fcd.png,ce985fc1ebab7518efcc911428dd418bbefa851715e0f32d75dc5b35cfb389f3,COE-PRP-008,prop:barril,peca,media,#34
imagens/acervo_anterior/exec-b5f5c6b0-fe60-4969-a6ed-1d51d3f8abee.png,610bd87f0741a6f038cc3486f5903126beb6fa041a7c0e8c71bc859c58a92c1d,COE-PRP-008,prop:caixote,peca,media,#35
imagens/acervo_anterior/exec-493a7d41-d5d7-4d91-9c99-4f55a8fc7b29.png,c1a4eb7f1441b4896007aa1b6f9f62d1265b3d23a625d43b6c27c5b3cd6fcc6b,COE-NAT-005,natureza:arbusto,peca,media,#36
imagens/acervo_anterior/exec-ea98d1f1-436c-42d8-a907-2cf5a1319472.png,7dc74d705fbbebc60f5298ca0df2237aa9eee3f573456875de264688ffd78166,COE-NAT-006,natureza:touceira_de_capim,peca,media,#37
imagens/acervo_anterior/exec-62567251-571e-4167-8d70-4c62a79a8302.png,20889f1780d38534abc14b78faf20f63415e0e9852b6b3a592eeaab0724acf93,COE-PRP-007,prop:balde_de_madeira,peca,media,#38
imagens/acervo_anterior/exec-fb7f5b33-6874-4789-908a-7f56a9779b10.png,18d4f747c9fadbc0503f98f2d6dd09fd5891912ae57a4f9447fbf89e2b2bc458,COE-PRP-029,prop:cesto_perdido,peca,media,#39; variante de #33
imagens/acervo_anterior/exec-64e1ae99-7818-4975-8a8e-468277344c0f.png,97b48745d02cadb438cc2ea0a13b8fe2a6615dfa551ede3aff7717e015f3b2a6,COE-ARC-017,estrutura:poco_central,peca,alta,#40; poço de pedra com telhado e balde
imagens/acervo_anterior/exec-fc05149a-6b5f-4d43-b316-19c1c938e2f7.png,03d289ae2a46611a302bb06d9adb35b28a3affcc315bcadfff3c2ba60b84f6c7,COE-PRP-029,prop:cesto_perdido,peca,media,#41; variante de #33 (cesto alto)
imagens/acervo_anterior/exec-2ac4b662-b29f-479b-acdc-a8dabdb7a781.png,8ce8486ee6bda3902bea0ff390e19de204548ed421e73158e70e4dcb963f7340,COE-ARC-002,estrutura:casa_artesa,peca,media,#42; casa com vitrine/balcão e anexo de trabalho
imagens/acervo_anterior/exec-c0ef85e8-e1dd-4401-913a-7280165e2e0f.png,0a10a08ddbf355e55535822fd4b9440ca81ad4124eff7f4acdbdd2acfaca01f1,COE-ARC-004,cenario:interior_casa_rural,cena,media,#43; cozinha/sala com lareira; pode ser ARC-005/006
imagens/acervo_anterior/exec-fb2bfffd-1894-44fb-986d-51eaa3926872.png,d3a4ab2edde35a5b1712cfe1d8057d870d37fab604596a694c30b73e86d06519,COE-ARC-003,estrutura:casa_guardia,peca,media,#44; casa com cercado e poste de treino
imagens/acervo_anterior/exec-0766d1e1-d39c-4491-96ea-6fc645a691e8.png,c05fb05eb6e2301047b794aaf10cbbad7c5f6a3adcf0380b4d2535bb1301d6e8,COE-NAT-018,ambiente:bosque_trilha,cena,baixa,"#45; trilha em mata fechada; pode ser NAT-018, NAT-019 ou SCN-022"
imagens/acervo_anterior/exec-4699c084-eecc-4961-ad32-97144c78db33.png,c46d8f2230de98c58cdac58aa5de837a9032ae7aa31486ec35d3552fa8e39e42,COE-ARC-009,cenario:interior_ferraria,cena,alta,"#46; forja, bigorna, tanque e ferramentas"
imagens/acervo_anterior/exec-384a0bb9-b41c-4c17-a2e9-8a3a2116ba87.png,97fa39a6de0c758931dd3b4de2dd6227497c8efd8a2447cff3acb13b8cb1dbd1,COE-NAT-019,ambiente:entrada_do_bosque,cena,media,#47; trilha com placa entrando no bosque
imagens/acervo_anterior/exec-56a320b3-ba3c-4e97-985f-c52480b9819d.png,61f28dacdea1b8482fecf8e5d1583af93a3262e8b3bc9b960d8fae8d6e60f3b1,COE-NPC-007,nilo,frente,media,"#48; Nilo 5, macacão marfim; cabelo ruivo-castanho, olhos âmbar, sardas"
imagens/acervo_anterior/exec-a36022de-0179-470a-96a7-137be9287897.png,5c51747cd656ef3bc3f79d48be28a2941d6be6074e1d6e5041001ffda7e6562a,COE-NPC-004,roupa:vestido_verde_coleta,peca,media,"#49; Lysa: vestido/túnica de coleta com cordão, frente"
imagens/acervo_anterior/exec-739c6a27-6a9f-4228-9853-8eee29476034.png,9b435afe9fa60177c57d772126ccfd18731081a9921447b727f1c667417d7e83,COE-NPC-007,roupa:tunica_azul_infantil,peca,media,"#50; Nilo 5: túnica azul barra creme, frente"
imagens/acervo_anterior/exec-fe6b114e-d6e5-4214-b336-5620cad9542a.png,1d56f73b353aa2fd3c3e6845c37eacc0ebd0a2d18d5a4ccfcb331e60839ba09c,COE-PRP-004,prop:estojo_de_amostras,peca,alta,#51; Lysa: estojo de amostras fechado
imagens/acervo_anterior/exec-5989b43e-4403-416c-9839-7499d3f3f002.png,dbb299ab4ad5c2fc7c718a210b83f66995c47d64164414cc31dad419f6ef7f1a,COE-NPC-004,lysa,frente,media,#52; macacão marfim; cabelo castanho em coque; lote com kit de herbalista
imagens/acervo_anterior/exec-8368ddb9-e4c9-4aca-ab47-4b2cbd7f1418.png,4a53438b4848a0036be4fa937e71ba4cc54194f104867e97d1053e33f741dd50,COE-PRP-006,prop:bolsa_lona_azul,peca,baixa,"#53; dono incerto: Nilo 5 (kit exploração, azul da túnica) ou Lysa (bolsa de coleta)"
imagens/acervo_anterior/exec-ec7bb4f6-89f7-4aa4-86ab-1d7e0c631660.png,9b9e39da0e95cf276c25195f92b8e870d6038238a823cdaff42ccaca73a7f867,COE-NPC-004,lysa,perfil,media,#54; macacão marfim; mesma mulher de #52
imagens/acervo_anterior/exec-389c061d-4890-4920-97ae-8d92608ce774.png,f7c23cfefcea75b10d9ce401379147f3b5d9f6be6e972b47435f6e11e757b3a1,COE-NPC-007,nilo,perfil,media,#55; macacão marfim; mesmo menino de #48
imagens/acervo_anterior/exec-75d8ad36-649a-473e-98bb-28d1197dbeaa.png,1961e8f3bcd3f67af6bd3c78460e06ed7040503dd3372415efa2005f0789643d,COE-NPC-007,nilo,costas,media,#56; macacão marfim; mesmo menino de #48
imagens/acervo_anterior/exec-f403cbac-c589-4e29-8b29-c0fec360d9e6.png,b9117ed159e00cdaca0e5466daeb1205cd432021ede33358d6d90170765b48d2,COE-NPC-004,lysa,costas,media,#57; macacão marfim; coque trançado
imagens/acervo_anterior/exec-78d29f43-3bdf-43d6-b3dd-ea349744d306.png,73f554332211020db60c96416e5dacea83fc62abca2d7f1d0676093f40913b9a,COE-NPC-004,roupa:vestido_verde_coleta,peca,media,"#58; Lysa: vestido, costas"
imagens/acervo_anterior/exec-1d44af3b-10ab-41d0-881c-cb2f806c9101.png,ea494ce192c3bb27b995010b09d3dc0a44c56807aa7c5059094919b95610317a,COE-NPC-007,roupa:tunica_azul_infantil,peca,media,"#59; Nilo 5: túnica, costas"
imagens/acervo_anterior/exec-cde52981-6f28-43e0-a784-125a76b079b6.png,280255f16725d28cd5a6c501e63936fef06c6cfca046a492a565bff291b66499,COE-NPC-007,nilo,rosto,media,#60; mesmo menino de #48
imagens/acervo_anterior/exec-d7f000c0-4e6f-46c1-a5c7-cc71f77a9ddb.png,5e4ef5a4e3e5de6740fc9352895727871e3927ae2b04f644a5e046f7dd28e2da,COE-PRP-004,prop:estojo_de_amostras,peca,alta,#61; Lysa: estojo aberto com compartimentos (= #51)
imagens/acervo_anterior/exec-c0d61a6e-6fb3-434c-b05f-f3ee7c83c9fc.png,9381a692ec5860e99839c118437c1ae3eb11bb27c939b4d3e89330902b731794,COE-NPC-004,lysa,rosto,media,#62; mesma mulher de #52
imagens/acervo_anterior/exec-e759985c-33c0-40e2-ac58-127c6a816a56.png,e9312e1e43e612a6d810e8a04bdb193e46aea1d8dceb71b7209ec274846f8d3b,COE-PRP-004,prop:pinca,peca,alta,#63; Lysa: pinça de coleta
imagens/acervo_anterior/exec-15ef9d76-29c5-4222-8b4f-da55a900a9ec.png,642d3eb7b215e6a25560ff528f8a415da1e6253d171199e8edc6e11ac40e7c6c,COE-PRP-004,prop:saquinho_de_amostras,peca,media,#64; Lysa: saquinho de pano com cordão
imagens/acervo_anterior/exec-0f254f6b-7428-436b-bec5-3c63e2cb96c3.png,c46a8096e68f0f29c7714e4e42af7c897ce7235db7c69f220da9602957b5d457,COE-PRP-006,prop:caderno_azul,peca,baixa,#65; dono incerto: caderno do kit de Nilo ou registro de Lysa
imagens/acervo_anterior/exec-029d3245-82c9-42f4-839b-b16ebb03f60f.png,9d10840dd7248fd06c9aa8989809dbca3d453f773a0c392d5ebd030973a33cba,COE-NPC-007,roupa:lenco_mostarda,peca,baixa,#66; provável acessório pessoal de Nilo; dono não confirmado
imagens/acervo_anterior/exec-6e9b6186-d83d-4fd3-8145-08cf469a9b04.png,0ca99df156cb868206d130ed43f5464674fc8aa62dba32627171db9f1c1d8480,COE-PRP-006,prop:lupa,peca,media,#67; lupa do kit de exploração infantil (Nilo); Lysa também possível
imagens/acervo_anterior/exec-0296223c-0985-4d29-9028-e17d617ed724.png,a2cc6c977da8f7c26ef645af829602d5eb7a3f9f116be05a2c5ef0d61de67214,COE-NPC-011,sera,frente,alta,"#68; Sera 5, macacão marfim; mesmo rosto de #3"
imagens/acervo_anterior/exec-58e87139-0d58-4dca-8221-4d669d76eacc.png,5478494671ac4e0226db5ed02b171885a4a80cdf02292145d0e8613a46fbbc88,COE-NPC-003,borin,frente,alta,#69; macacão marfim; mesmo rosto de #1/#86
imagens/acervo_anterior/exec-5790abf7-f4df-47ee-89fe-348a60ffcd0a.png,a237ed0cd3ca48a2da9f3b132fe6bd017ec3455144d67dd1f8a158248930a61d,COE-NPC-011,roupa:tunica_ferrugem_infantil,peca,alta,"#70; Sera 5: túnica sem manga, frente"
imagens/acervo_anterior/exec-30f00a4b-3d0d-4edf-a6ce-b53785df2405.png,7a234fb299c2c970c91e2d0b22d243644e26e89ee0cb21748504f63aac229334,COE-NPC-011,roupa:faixa_verde,peca,alta,#71; Sera 5: faixa de cintura
imagens/acervo_anterior/exec-93ca4653-a644-443c-8cc1-4674d505f2c7.png,2835264345ed2820e8b1aafd6354925b6c40109984c4114118eae1c0934b1398,COE-NPC-003,roupa:avental_de_couro,peca,alta,"#72; Borin: avental, frente"
imagens/acervo_anterior/exec-5997b465-b6c4-4383-904e-ebf9baf5ec78.png,41b4691b02a95bd0852232a8bca9c3eeb2b99422e6d166aa52e2186c02e89e8f,COE-NPC-003,roupa:luva_de_couro,peca,alta,#73; Borin: luva de forja
imagens/acervo_anterior/exec-dc6c92aa-1cd7-4bc7-80e6-888d74c25f93.png,d907bbe6098ade1308f9f2db906c76683eefd58dbbecb78dedfe4d389ab3a0bd,COE-PRP-001,prop:martelo_de_forja,peca,alta,#74; Borin: martelo
imagens/acervo_anterior/exec-d2b22b42-b77c-4688-b3a9-486acdbdaf12.png,68ac3c6848faef67515acbb65fa1c9e8464aa26f868e254f2ac57049685bb9c7,COE-NPC-011,sera,perfil,alta,#75; macacão marfim; mesma menina de #68
imagens/acervo_anterior/exec-651b324d-58af-4081-9956-d86e3b1038bb.png,c311568d7b8eaccdb2b52b36b5cf15590aa9994a0f97159ef44a64b6e0f3955f,COE-NPC-011,sera,costas,alta,#76; macacão marfim; meio-preso como em #3
imagens/acervo_anterior/exec-3fbb1a9d-178b-4ea5-9d16-33d75c0809f6.png,e49bea5b86bc35de13278cc42586623eb33071ecf48bf3bcfb62564d8053cdfb,COE-NPC-003,borin,perfil,alta,#77; macacão marfim; rabo de cavalo
imagens/acervo_anterior/exec-fd271dbf-ccee-4e34-87b5-f32c1b1e5085.png,853c86d72c033588a4868911fe3da4ca6bfc0972e77caac5d5092f2b4fa39bf3,COE-NPC-003,borin,costas,alta,#78; macacão marfim
imagens/acervo_anterior/exec-f77e8516-92b3-41b8-add4-ba751873096b.png,b0b16b6bd15755c43c77c303129a4c429f493b57c6dcf17655de07e53e667a83,COE-NPC-011,roupa:tunica_ferrugem_infantil,peca,alta,"#79; Sera 5: túnica, costas"
imagens/acervo_anterior/exec-0e783a10-14fa-4741-8466-23c1e1b9e4b7.png,888e81df0146c8f32b03d9c81324f57704b9bf3f8d1472c3b48fff3402d32c28,COE-NPC-003,roupa:avental_de_couro,peca,alta,"#80; Borin: avental, costas"
imagens/acervo_anterior/exec-1b3faf89-1cc0-4397-a0d9-46aaac12dbf2.png,4b0316882f98bfebdff429aa8697baced70e81978cab843fb075fbdbb8aea7b9,COE-NPC-011,sera,rosto,alta,#81; expressão desafiadora
imagens/acervo_anterior/exec-d476c6cb-a5ae-41ca-ae37-d55974f35756.png,7daec0edda47379f6e0850e25e62d0cef9114875df642bbb01a0a4670d28c593,COE-NPC-011,sera,rosto,alta,#82; expressão: sorriso confiante
imagens/acervo_anterior/exec-92a7773f-484a-40f8-aa9a-2dc131d32497.png,719c2b5119c7aca563f51e67cd40cc44d85802a03d29355d475e0b50df41d5ca,COE-NPC-011,sera,rosto,alta,#83; expressão: surpresa
imagens/acervo_anterior/exec-7d995b01-9da9-4503-9b3a-b35d2d4e898a.png,de7d358d483e56115ca02115eb835c379ea5b85235a81e8cf0dd3424af280146,COE-NPC-003,roupa:camisa_azul_manga_dobrada,peca,alta,"#84; Borin: camisa, frente (igual à prancha #1)"
imagens/acervo_anterior/exec-12dd6ec3-7f0a-4fb2-a4fb-8e93b43e0fe0.png,01ba07c572a629e5bd38fe75e4bcfac22f0480843e60732322e97c2baf6c927d,COE-NPC-003,roupa:bota_de_seguranca,peca,alta,"#85; Borin: bota de fivelas, lateral"
imagens/acervo_anterior/exec-ca31dd2f-eef0-45a4-b383-c95f0fe4da23.png,f1fd6516a4197cb5a28367866de67436d408f22405662646a01e2c97853708b9,COE-NPC-003,borin,rosto,alta,#86; mesmo rosto da prancha #1
imagens/acervo_anterior/exec-e9e70b54-da87-48ea-b261-5b019c9ff2a7.png,0226e14f4db160784f1fc47b26eb45e9fad501ec3e029b3fd2090e264ec8a4ce,COE-NPC-003,roupa:calca_oliva,peca,alta,"#87; Borin: calça, frente"
imagens/acervo_anterior/exec-819d51c9-ae6f-4eac-b4ba-25eb5384ca03.png,b5ad227d18b7e64b6e271a29c2cf8df583f0f4984fab16db8d5d506a6a324f1a,COE-SCN-001,cenario:limiar,cena,media,#88; arquivo truncado na origem (metade de baixo preta; hash do INVENTARIO confere); refeito em #160
imagens/acervo_anterior/exec-661fa7cf-716e-4df2-9726-014582a06520.png,6678e89edceaac61a439ed5644d63e8a649d03f7543fe543ac7f24ce2b7ea793,COE-NPC-011,roupa:calcao_marrom_infantil,peca,alta,#89; Sera 5: calção balão (igual à prancha #3)
imagens/acervo_anterior/exec-28e64948-fc3b-46b1-80b5-4f7410b07e1a.png,1ec39c2ce74be6b5e0f692bb3a1aebd0ee5ce6e24af3242c7c5b75f940de98a6,COE-NPC-011,roupa:camisa_creme_infantil,peca,alta,"#90; Sera 5: camisa, frente"
imagens/acervo_anterior/exec-020a8077-e6f6-4581-a6db-0421d76b8288.png,ae1a546011c232c88c1eb0dd14f56c1e5228fec87f07125c480e7be9d31b549e,COE-NPC-011,roupa:bota_cano_dobrado_infantil,peca,alta,"#91; Sera 5: bota, lateral"
imagens/acervo_anterior/exec-6f649206-1d69-4de1-adb3-3e90980193f1.png,f4c4adc2eb4571006fa58b829f6b2cdb34cfd2cae35aa05e0c243e315d742fc8,COE-NPC-003,roupa:calca_oliva,peca,alta,"#92; Borin: calça, costas"
imagens/acervo_anterior/exec-1c12d541-9afb-4567-9fd9-798f88faada0.png,6fb9f5adad64d45725a34e2af7885745a6b070cacb3c1bca018980e5cc0724d5,COE-NPC-003,roupa:camisa_azul_manga_dobrada,peca,alta,"#93; Borin: camisa, costas"
imagens/acervo_anterior/exec-78254143-c469-4370-ac4e-d8a9f3960019.png,9930578f6710fecfbf31ee8508894939110a4f649792fe47287d4ff47aec8fff,COE-NPC-003,roupa:bota_de_seguranca,peca,alta,"#94; Borin: bota, frente"
imagens/acervo_anterior/exec-608179f4-246f-46b9-b205-e846f114d257.png,d0ce72c8c539d4fc431b6405825ac9f475318d793c659f01ee6f700cb93a0e5d,COE-NPC-011,roupa:camisa_creme_infantil,peca,alta,"#95; Sera 5: camisa, costas"
imagens/acervo_anterior/exec-a389dccd-bf19-42df-a927-75090afd8b3f.png,797f0f91da5fc457ddaa3443ff4f997d87481a1e78f01c727fe22cdd6bff07c3,COE-NPC-011,roupa:bota_cano_dobrado_infantil,peca,alta,"#96; Sera 5: bota, frente"
imagens/acervo_anterior/exec-289c445d-0776-4f3b-a082-fdd8be1960a5.png,b47b594bafb2c3278f2be66b3a8a5d5aafd5f8a2fec1fcde349c91303c03638b,COE-PRP-001,prop:tenaz,peca,alta,#97; Borin: tenaz
imagens/acervo_anterior/exec-3f7a10fd-b66c-4206-9447-018ec7c49a2a.png,f09bfed8aec62d1f1196b89a5d8357d42786474ebe23e65c46a48ab6508ce010,COE-PRP-001,prop:fole,peca,media,#98; Borin: fole de forja (ou PRP-019)
imagens/acervo_anterior/exec-c58baf50-abbe-4f05-a0b7-ac142eeb58de.png,ad40499e806873f51a92da1945ff93b1416f32d49b1d9394254f941d0b6042bb,COE-PRP-001,prop:bigorna,peca,alta,#99; Borin: bigorna
imagens/acervo_anterior/exec-c86ef4f2-7a4a-4712-bbd3-86b0d37ae6d9.png,03c48980b3c8a65305984f7ad6483f1c92bf9b82a8f3352a33763e1ff53df2d7,COE-PRP-001,prop:cepo_da_bigorna,peca,alta,#100; Borin: suporte de tronco cintado
imagens/acervo_anterior/exec-a21cbc7e-9d71-4b86-bcac-f87b29d9ae6f.png,9e3e1946ab6956d364e64f87868025aab48d9b10075a2c71d1b81c3eb6126d06,COE-NPC-003,roupa:luva_de_couro,peca,alta,#101; Borin: outra vista da luva de #73
imagens/acervo_anterior/exec-ced96d26-402d-4a93-8ec4-f8694dd235b4.png,e296dbcb06426918b422dc18b98853b4878cacf8e93e8fc5730d279784aafe24,COE-NPC-003,roupa:cinto_de_couro,peca,media,#102; Borin: cinto (lote dele; dono não explícito)
imagens/acervo_anterior/exec-3b1fb17a-e793-4116-b3b7-0084c7105e80.png,81dd5b6be9e73f2af31ccebbfb260c37cda218c4bc5463c18f5c47a8412efa2a,COE-NPC-003,prop:bolsa_de_cinto,peca,media,#103; Borin: bolsa de cinto (lote dele)
imagens/acervo_anterior/exec-bf6dbff8-9f37-43b0-b02e-fc5ebd2f0c2d.png,cbe2b2413e2c19631ae16492e4d8594278b2862900b1cc96780407be0f601943,,prop:lingote_esverdeado,peca,media,#104; lote de Borin; barra de metal esverdeada; sem ficha exata (WEA-023?)
imagens/acervo_anterior/exec-7736507c-e8af-4a26-b935-45d368ebd8c4.png,81fb72ec88a45d027ec246d0036a0a27e598779ad48d0128db3868526226fa22,,prop:lingote_de_ferro,peca,media,#105; lote de Borin; sem ficha exata (WEA-023?)
imagens/acervo_anterior/exec-3025c16d-b308-474c-821b-3c51dbf8a704.png,5f37bdfb657bc0d744f5216bd422acfa7500c18c9266bfd66e337a316576662e,COE-NPC-001,mara,frente,media,"#106; macacão marfim de perna larga, descalça; cabelo castanho cacheado preso"
imagens/estudos_historicos/exec-69073fc6-13f3-4bff-9586-a1b6253c08a6.png,8a787b8e5c4c015a96520356d9101550c1a0dbd9f33cc4b81e3bb3ab5a081d9f,COE-NPC-002,daren,frente,media,#107; estudo histórico: túnica longa branca em vez de macacão; refeito em #111
imagens/acervo_anterior/exec-7348d57b-4f2f-4900-bfa8-1cf30d8751d9.png,accb0115b04a80d94e64669cd48e9fc06cd3e45351e1d3c4e3cce2413735cf14,COE-NPC-002,roupa:tunica_azul_adulto,peca,media,"#108; Daren: túnica gola alta com alamares, frente"
imagens/acervo_anterior/exec-c230b3ab-7451-4b41-afe9-9823d7c3d4cd.png,5abebfad2b20a6e4be86c91404b12b7b7827b95bb535b2ce57bb07e81f4abb8b,COE-NPC-001,roupa:calca_marrom_cordao,peca,baixa,"#109; Mara ou Daren (lote dos dois): calça, frente"
imagens/acervo_anterior/exec-4ef11703-dff5-4830-8bfb-47cb15fb457f.png,648dd6e149177d252d5e33485b0ec6bf56120d99eb4b6800ff5200489d197cba,COE-NPC-002,roupa:calca_cinza_trabalho,peca,baixa,"#110; Daren ou Mara (lote dos dois): calça, frente"
imagens/acervo_anterior/exec-a00f074f-0c3c-4bb9-8149-09428cbc35de.png,29cf2e30dc212ac22c3b98cb6158c5c79828bec1676d07db6058bc01ee9a060a,COE-NPC-002,daren,frente,media,"#111; macacão marfim, descalço; cabelo escuro, têmporas grisalhas"
imagens/acervo_anterior/exec-4a2d9ef5-0690-4e97-b830-4d08cbfcabc4.png,22babf6c52a28752beff409c6c5d92b8bc667f62068a4e2bd00ccfc3ba7e3818,COE-NPC-001,mara,perfil,media,#112; macacão marfim; trança longa
imagens/acervo_anterior/exec-ccfc0a37-4894-4813-b438-abcfd7813c55.png,7955646370cb76baa707d72c22b5ea9bcc8fd03e4b1c9ccafdc2d6ca676b8802,COE-NPC-001,mara,costas,media,#113; macacão marfim; trança longa
imagens/acervo_anterior/exec-06481fa7-2962-436b-a224-5d1c64c90c0f.png,200455868a61cb8fe8f157c05c15b98a05ca063541033ea47fb39e5fb3e60919,COE-NPC-002,roupa:tunica_azul_adulto,peca,media,"#114; Daren: túnica, costas"
imagens/acervo_anterior/exec-c88585cb-b0af-467d-a224-fea3ab037272.png,f4f6a68356027e5b8f5f427349c4561f46d3384aedcafb516cb4c79e5af516a6,COE-NPC-001,roupa:tunica_verde_adulto,peca,media,"#115; Mara: túnica, costas; frente é #198"
imagens/acervo_anterior/exec-85d0e936-e250-450a-982d-8d947e86b625.png,90df8361f107e5fccf0406a6dabd92df269a34a93edd407db3527849d949b40e,COE-NPC-001,mara,rosto,media,#116; mesma mulher de #106
imagens/acervo_anterior/exec-6b85b87f-fea0-416f-9c05-61626cf0ebd7.png,fc16624aa1f6d278dad2ed5aed73a41f14c3ea614e3a20fe5c6ae08c06307f51,COE-NPC-002,daren,perfil,media,#117; macacão marfim
imagens/acervo_anterior/exec-a96678bf-c943-4867-b1b3-88ea1870be02.png,4a4168486805f675cd1bda67473aa785939ad9627d79f1712e5bb91d0689bf93,COE-NPC-002,daren,costas,media,#118; macacão marfim
imagens/acervo_anterior/exec-d3de0fa5-69bb-4754-93c6-dcef20198710.png,fb6224e74d113ef0b898eb8de29f0618ab6fb5b05c3a38776eb561a0485c9188,COE-NPC-001,roupa:calca_marrom_cordao,peca,baixa,"#119; Mara ou Daren: calça de #109, costas"
imagens/acervo_anterior/exec-64a10ac2-c723-4f20-ae48-297c738d5f99.png,a1b6087a97c418285bf699f03a4d524c004c39037c322d7019b875f3bcb84506,COE-NPC-002,daren,rosto,media,#120; mesmo homem de #111
imagens/acervo_anterior/exec-4aa880d7-4215-4c39-bbb4-b329869b63ba.png,a63b4a487e8be879efaaa0a0a164722fa75812c5b30fa4ffd210225f6df6bea4,COE-NPC-002,roupa:calca_cinza_trabalho,peca,baixa,"#121; Daren ou Mara: calça de #110, costas"
imagens/acervo_anterior/exec-62d746f5-5e1b-4e0e-9bf9-1455b59cfec2.png,c05494e52b6420fd7136783e7fe97934916855ec748d0683d00ed6dd6bec8380,COE-NPC-001,roupa:sapato_de_tira,peca,media,#122; Mara: sapato de tira (atribuído pelo corte)
imagens/acervo_anterior/exec-5b9d0725-b91d-41e8-9d3d-18f228329692.png,6383a1f372d5a758f5d08a8a36172fec8597f5cba4f3ebd4f906baa758c39df3,COE-NPC-002,roupa:botina_amarrada,peca,media,#123; Daren: botina (atribuída pelo corte)
imagens/acervo_anterior/exec-e8aaac90-a6c1-489d-93ba-d8bf24a2ab3b.png,dc175e332ac3ed01cf3c89f329c1fb5e60557de10857e8ee13bb80b76dd7e1a1,COE-NPC-005,tovin,frente,media,"#124; macacão marfim; pele retinta, cabelo crespo curto, barba"
imagens/acervo_anterior/exec-303f86dd-ce59-4ca0-a6de-d65b18366f51.png,81dfbdd25d45c1a260b1769b4437499d178a85fddaf0a9a478fb97026748cc93,COE-NPC-006,eira,frente,media,#125; macacão marfim; cabelo castanho-avermelhado curto com mecha grisalha
imagens/acervo_anterior/exec-34de6476-092c-4a06-a449-f0c553f266bc.png,8f95d34074d1de6da37b7656eaa050bf886dd4b96c53b2790f5e3b001717b6dc,COE-NPC-005,roupa:tunica_verde_caca,peca,media,"#126; Tovin: túnica com reforço de couro nos ombros/cotovelos, frente"
imagens/acervo_anterior/exec-ce9565ac-89a4-46b0-908a-c6e54cfd755e.png,14c336f8e1ff191714fc00f7fb716d0937ff4f87b5be1aa827f7eafcc560c3e5,COE-NPC-006,roupa:tunica_lilas,peca,media,"#127; Eira: túnica com bolso, frente"
imagens/acervo_anterior/exec-0ac647ab-2a8e-45dd-a47c-159fb0db4ca9.png,6b8a757116f87b84828b1b3a57b88cea41c35a03bae54732f69e7ea2c138569b,COE-WEA-009,arma:arco_de_caca,peca,alta,#128; Tovin: arco
imagens/acervo_anterior/exec-8c90fbc3-4984-4e6d-8243-7894bf14675b.png,5c767b7d6a3a3b51f9192bfc65bfb5aea622495c7887e0da2bf72cf6f7d78ab4,COE-NPC-006,prop:bolsa_de_livros,peca,alta,#129; Eira: bolsa de couro
imagens/acervo_anterior/exec-430e4d2f-559d-49d7-a415-1e24c436d12f.png,556c70a9f5a963cffbd45d4b4325ba63454eeef7fa01c328ad3f12cbcde331c0,COE-NPC-005,tovin,perfil,media,#130; macacão marfim
imagens/acervo_anterior/exec-16fed6a5-1012-46a2-a92d-2696b2da3531.png,5b3fe9e27d03829e96af7b7f70cd465377bbbb1a686f3d130122bf0f4e469bc4,COE-NPC-005,tovin,costas,media,#131; macacão marfim
imagens/acervo_anterior/exec-3f1242ae-726b-4c20-a1eb-b65ef9cbcc92.png,31a80d4c76a4c4a220b14d0a03b778f7e3f0d52e186fa4450b7c34edf695de6c,COE-NPC-006,eira,perfil,media,#132; macacão marfim
imagens/acervo_anterior/exec-e293a16c-2d0a-440f-963f-b49555ea9241.png,f10e758b05862cae63cc4fcaa7898984fccccd6809ce5e48f0f0fd62161a45d4,COE-NPC-006,eira,costas,media,#133; macacão marfim
imagens/acervo_anterior/exec-6c8d525c-862e-4d85-ac3e-fc9bee3c0e5c.png,c3252e53ca7f2869572a13defa71db9908deb5586c46de91e8772141e831a846,COE-NPC-005,roupa:tunica_verde_caca,peca,media,"#134; Tovin: túnica, costas"
imagens/acervo_anterior/exec-e19f133d-1bf7-49dd-a166-282f9a11e432.png,15094eaffbafaa7204f351b90468b69f5a259b981045ed04455e4547f74501d5,COE-NPC-006,roupa:tunica_lilas,peca,media,"#135; Eira: túnica, costas"
imagens/acervo_anterior/exec-136f7f37-671f-4f3d-ae66-77d6c0d5641c.png,13b9c0f37093dc7ae1854ebb1dd267aa885f70e0e180bee2fc67fd1ca52ff1c4,COE-NPC-005,tovin,rosto,media,#136; mesmo homem de #124
imagens/acervo_anterior/exec-3c7e6c5e-2cd6-4ef2-9bfb-87b06228d36c.png,ca35541f0b414126e3a06ef4307d4b9cbf01fc13341d00abca6ba230e438fa29,COE-NPC-006,eira,rosto,media,#137; mesma mulher de #125
imagens/acervo_anterior/exec-a03817fd-da2d-4dcc-83d4-e6ab3daeb28b.png,fb07976c79d0ace36364f0f2c4ad92ccf47b2df4a23645dc2f22cbfc06e25d49,COE-NPC-005,roupa:calca_oliva_reforcada,peca,media,"#138; Tovin: calça com joelheira de couro, frente"
imagens/acervo_anterior/exec-c53666f2-a600-4f41-a331-7f4f5fa42176.png,7a4a068503115c3b2b8b0b7974503025ae893035d0452d4ecc9db8d6436ac2a2,COE-NPC-006,roupa:calca_azul_cordao,peca,media,"#139; Eira: calça, frente"
imagens/acervo_anterior/exec-4eaf7d63-e49e-436b-92e1-c1cc7b453e9e.png,5cd1555a8f327115447cd5fc710f02851e143df0943015db307e29b634883645,COE-PRP-015,prop:livro_lilas,peca,media,#140; Eira: livro fechado
imagens/acervo_anterior/exec-c7f888e4-587c-4962-a773-e16da1e07b2b.png,ce8acb1880f9a16b88d778a66db38dd2f8b0958717b88f76d271f73ef268142f,COE-NPC-005,prop:aljava,peca,alta,#141; Tovin: aljava
imagens/acervo_anterior/exec-6d2300a2-3158-4418-8629-7d3e69f0f363.png,4ec104e30d433e0795283a868f0827ee685f3c376c22dd581cf1da764266ead2,COE-NPC-005,roupa:calca_oliva_reforcada,peca,media,"#142; Tovin: calça, costas"
imagens/acervo_anterior/exec-5842d523-6f41-4e54-9fca-92952b7ba485.png,070e995055771ff50de167d79d1a787d2ca48c1705c0e54a9290ed51ae64ec78,COE-NPC-006,roupa:calca_azul_cordao,peca,media,"#143; Eira: calça, costas"
imagens/acervo_anterior/exec-12444b5a-c44f-4bcc-a1da-622a4760efa4.png,c05317e56f07750c0977eb5b973fa45227a1b06a8bc92dfb578f4f7d9ee4c4f8,COE-NPC-005,roupa:bracadeira_de_couro,peca,alta,#144; Tovin: bracelete de patrulha
imagens/acervo_anterior/exec-0cedc727-7eb7-445e-8e46-f2cfb22f4ee1.png,64e0fc9149fc47594b5f91366b185a98c96dafebb102bc7a6bd73c77c0125130,COE-NPC-006,roupa:sapato_baixo,peca,media,"#145; Eira: sapato, lateral"
imagens/acervo_anterior/exec-5710d2a0-1f7b-4cee-bb88-bde4a3bb595c.png,6a26a839a0e4a8947231b6bb9a6b4aafe6ca44abef78d345a7d57fe16450aed0,COE-NPC-005,roupa:bota_cano_alto,peca,media,"#146; Tovin: bota, lateral"
imagens/acervo_anterior/exec-320241a8-f9c2-4e97-bc59-fbaeb9feb11e.png,039b569996c7350126db3e87bd2af69ef8db60d284d34cda68f482293bcea299,COE-NPC-005,prop:distintivo_carvalho,peca,alta,#147; Tovin: distintivo local (folhas de carvalho)
imagens/acervo_anterior/exec-db264554-6dd3-4547-a720-bfb39e66b719.png,bc7619ccc1062283f24520a047f7dc01f357552c003826e732621db49e1bb451,COE-PRP-020,prop:mesa_escolar,peca,alta,#148; Eira: mesa baixa
imagens/acervo_anterior/exec-49ebcecc-9634-43e4-b5e7-dfd5b77b1fbd.png,c64d48424f6495dcd13658841c4649b2b016fdd05ac35e268c5c67ee504b91b6,COE-PRP-020,prop:banco_escolar,peca,alta,#149; Eira: banco
imagens/acervo_anterior/exec-b8305cae-7abd-48a2-9a20-2fbac58d20cc.png,7d3dfea3d6e20bef80dd2570d607c51258ea8c68cbda5451e0271e1a1e169199,COE-PRP-020,prop:quadro_negro,peca,alta,#150; Eira: quadro
imagens/acervo_anterior/exec-c2ea372d-03df-4878-8d22-4b3121a38bc5.png,8ca5738a4391380a2da50582830fd7ab6ad489e5fb48fb74987050bafc56e8a7,COE-PRP-020,prop:estante,peca,alta,#151; Eira: estante
imagens/acervo_anterior/exec-95e2c8a7-a01d-4af4-b406-49beb72f3908.png,7b28680fc544c09072a92fbd6a038e08796309c0015d63a26c6f8cedd538cb99,COE-PRP-015,prop:tabua_de_escrita,peca,media,#152; Eira: tábua de escrita de mão
imagens/acervo_anterior/exec-9303c653-3f17-4b59-b83a-2693117d0d77.png,0870706c0925c6926e3e91f00b6339b8ab37bf59beecadaba1d1eb33af9b7978,COE-PRP-015,prop:estilete_de_escrita,peca,media,#153; Eira: estilete
imagens/acervo_anterior/exec-22df3683-d1f7-4b22-9769-aaf8f464d3ac.png,43e43a31b8c90cc6a794d806760b40ba9f5e3524ca8c2b11a53f7ea8be7f9ccb,COE-NPC-006,prop:bolsa_de_livros,peca,alta,#154; Eira: outra vista de #129
imagens/acervo_anterior/exec-1f1c0bcc-fb5b-4846-aba2-af7ba84e74d8.png,604b408adb788485ee9822cbdd43c1fe0ef36637b94af0968e2b0922c1df3916,COE-NPC-006,roupa:sapato_baixo,peca,media,"#155; Eira: sapato, frente"
imagens/acervo_anterior/exec-03bd8616-62ef-41f9-9826-7b8200713ed0.png,c2f26bd288bd98a3dea1c204fe8d572890159242e35c281906ea119768c8936d,COE-NPC-005,roupa:bota_cano_alto,peca,media,"#156; Tovin: bota, frente"
imagens/acervo_anterior/exec-cbaa9824-54ab-4727-801a-053e01a9806d.png,6f4e620c917fd837becc165be252b06995953387ecd3268071592eebaead2c54,COE-NPC-005,prop:aljava,peca,alta,#157; Tovin: outra vista de #141
imagens/acervo_anterior/exec-d15da7df-326c-4206-9c15-2eb54eb7deda.png,315ef3805d30b26c1c2ecaab7d66db00828d2b6b4d0f5aa71e2142aea001e7f9,COE-NPC-005,roupa:bracadeira_de_couro,peca,alta,#158; Tovin: outra vista de #144
imagens/acervo_anterior/exec-d0611ede-1d6f-42ba-a488-09bcc464eb62.png,b9daafcfc892b3a5163f708388715ab64be5420ff9d9c09b185fd65a4bfd966a,COE-PRP-015,prop:livro_lilas,peca,media,#159; Eira: livro aberto (= #140)
imagens/acervo_anterior/exec-5d7f5d6e-7ba3-47f9-ae8d-50c7088f7932.png,73f89a32983b2a0ec8f54afee6929d8eeaa75f9e7f189e415aea4813c5a9408c,COE-SCN-001,cenario:limiar,cena,media,#160; santuário celeste com figura distante (Aethron?); refaz #88
imagens/acervo_anterior/exec-bcedb667-be39-4f98-ae48-67866b9fa3df.png,25dd06e087616159ac740bc6942fd7e0f94b586197f6ba4103f106b042ad6f52,COE-NPC-009,prop:mochila,peca,media,"#161; Nilo adolescente: mochila de lona, frente"
imagens/acervo_anterior/exec-8f2b895f-4fa4-46a4-820c-01f92b7f34cf.png,ba42f34a6d0dae8e26df7eb6dad7164af512e2614425993c0e7cf2460419f7e5,COE-NPC-009,nilo,frente,media,#162; aparenta ~11-12 anos; idade→ficha pela ordem de geração
imagens/acervo_anterior/exec-2b95e939-4fb9-47ea-a217-39c096dd7733.png,95354595a6ff69f940b8e91af36145c452578e2d74151b9b35a5dbddebf737f1,COE-NPC-008,nilo,frente,media,"#163; Nilo 8, macacão marfim"
imagens/acervo_anterior/exec-616d2af3-fa21-49b2-857d-9589626a779f.png,9cadd1c25bd3675e63b5f72ae2d28417aac86ecd27b130889179f67ae14dd1cb,COE-NPC-008,roupa:tunica_azul_infantil,peca,media,"#164; Nilo 8: túnica, frente; quase idêntica a #50"
imagens/acervo_anterior/exec-c2448eb4-cfb1-4137-b3ac-d90bb3a92768.png,59d1783ba1eead2d7905f9fe47d35c938d495c08b2588432d17c1bde869834d7,COE-NPC-009,roupa:tunica_azul_reforcada,peca,media,"#165; Nilo adolescente: túnica com pala nos ombros, frente"
imagens/acervo_anterior/exec-85aefd8b-b6d5-498c-a4e6-56aad7119acb.png,a6f59ccdf0be11707cd2be93feeb44dfc41a5a78b3661a2e7af12671442877c9,COE-NPC-009,roupa:botina_infantil,peca,baixa,#166; provável Nilo (puxador azul); idade incerta
imagens/acervo_anterior/exec-adc96a9a-f3be-4f5a-9595-9acf88b2f9b4.png,81908012f6644e06ceae197e85b5b75e20ec4e873418df7b5ef7b3dde1c82fdc,COE-NPC-008,nilo,perfil,media,#167; mesmo estágio de #163
imagens/acervo_anterior/exec-f453c68b-08ca-4eb9-b43c-359d5e623fa0.png,15238056a89a530e3f6fc656c4bf4b14b764133aca1be88491141c3d459b1955,COE-NPC-008,nilo,costas,media,#168; mesmo estágio de #163
imagens/acervo_anterior/exec-8767ae4c-1369-468e-a34f-171ca3071f5a.png,366ee00c301bbe274a81fcef04fa8078d9993089b942849c10c0a3a017094986,COE-NPC-009,nilo,perfil,media,#169; mesmo estágio de #162
imagens/acervo_anterior/exec-7bbd2a66-95a4-410d-bd88-cbe4967b9d7f.png,8fbe3b12c7fe8198162093b97a26490a48e43a673eddb3c54c33edb4caf03341,COE-NPC-009,nilo,costas,media,#170; mesmo estágio de #162
imagens/acervo_anterior/exec-f0ffd5cd-4e76-43be-b2a5-68c0bed162d9.png,eaa8014cc6198a82168c4c7fcaef938a026eaf2385c1ea9db7322167b714aae7,COE-NPC-008,roupa:tunica_azul_infantil,peca,media,"#171; Nilo 8: túnica, costas; quase idêntica a #59"
imagens/acervo_anterior/exec-b08844ca-4734-46e5-950b-61451ca2dd61.png,98c65882851a49ae09391c956c4e1cb750b1b80f0a5b72cc7bd076c9fd133bab,COE-NPC-009,roupa:tunica_azul_reforcada,peca,media,"#172; Nilo adolescente: túnica, costas"
imagens/acervo_anterior/exec-4eeebdb6-6948-46cb-8f0d-682a17ff441f.png,c22c203c2db032814056b460894d17000b7a7c2fb8eb3b8a9812d30464bb4211,COE-NPC-008,nilo,rosto,media,#173; mesmo estágio de #163
imagens/acervo_anterior/exec-2271ad33-d129-4f45-aff6-3137c3d5d214.png,4e6521a9d91bfc73510f5b4d5f4050b81b929a7e73f8cb3ff08295913cb9f7a4,COE-NPC-009,nilo,rosto,media,#174; mesmo estágio de #162
imagens/acervo_anterior/exec-99b211f0-7cfe-4e69-98da-006a2ed5001a.png,c92c27a519bf665a98dca1e6446c9d1c78d2b9a047722dd68b7226b8673c4915,COE-NPC-009,roupa:calca_oliva_joelheira,peca,baixa,#175; provável Nilo; idade incerta
imagens/acervo_anterior/exec-1095c099-19e1-4f65-a5ed-648f34a51f41.png,dc41a8b25f97a6bdf2c02bc4f82e4531804d7ca48a672e497c47fdad6626243b,COE-NPC-008,roupa:calca_marrom_remendada,peca,baixa,#176; provável Nilo; idade incerta
imagens/acervo_anterior/exec-147682f9-c46d-4bab-8a60-c7497649612f.png,77f968d192c781bb5cc4f0698bc25e826716f37c89a117be4fb382c4d53dde87,COE-NPC-008,roupa:sapato_amarrado_infantil,peca,baixa,#177; provável Nilo (puxador azul); idade incerta
imagens/acervo_anterior/exec-fa581412-40ef-4748-8c09-221f08834753.png,59c453efba7b9172176c8220c4f3623efd171d96720c3a568de0f4d4bcd74809,COE-NPC-009,prop:mochila,peca,media,"#178; Nilo adolescente: mochila, costas"
imagens/acervo_anterior/exec-71bb8711-e9d9-4f7c-a870-8a727fd595e3.png,ce16398073e39fe349aeb6202a3eec4ac6310c4a8e0a72057c69dc604b4da1ae,COE-NPC-008,roupa:calcao_marrom_infantil,peca,baixa,#179; quase idêntico a #89 (calção de Sera 5); dono incerto (Nilo 5 ou 8?)
imagens/acervo_anterior/exec-acd2bedf-8a29-4668-a5ee-2fb89a3879e3.png,17724a07ddeb4eeeb2022fb00c66bff6942d27992378ce0aa351bd2a466ab5cd,COE-NPC-010,nilo,frente,media,"#180; estágio mais velho; aparenta ~16, não adulto"
imagens/acervo_anterior/exec-46a8cbad-384e-4e82-ae12-6cee0fa9875f.png,4f751ea9417d4561475d423c684d4f458f2204b839ff5ea670f5a0e306447469,COE-NPC-012,sera,frente,alta,"#181; Sera 8, macacão marfim; mesmo rosto de #68"
imagens/acervo_anterior/exec-97087e67-a0af-497a-a8bd-35712c3b81df.png,f05ac28a3948faf024aa1815917b2103130f1bc3c2931d4443b2968cd15188d9,COE-NPC-010,roupa:tunica_azul_decote,peca,media,"#182; Nilo estágio mais velho: túnica, frente"
imagens/acervo_anterior/exec-83c3a236-dacf-466c-980d-3234736b6836.png,f9ffcc1d1af50578bc8f1faa25f7de91f03e1c0b82b89c9933323fa566698cfa,COE-NPC-012,roupa:tunica_ferrugem_manga_curta,peca,media,"#183; Sera 8: túnica com remendo, frente"
imagens/acervo_anterior/exec-6b5e80af-239e-4d1f-8a74-b5539825337e.png,f28b5c8c1ff80d3abfc8a64aaa9a43dc8581d23c20c1cf0810545953f014227a,COE-NPC-010,prop:porta_mapas,peca,baixa,#184; provável Nilo (remendo azul); idade incerta
imagens/acervo_anterior/exec-1f16ecbc-b7da-481e-8330-67d91ac403e5.png,ae92e61b9df33c696a4ef30b2d06267639a510d4e51e9a28aca06ceba8d50ed5,COE-NPC-012,prop:bolsa_escolar,peca,media,#185; Sera 8: bolsa terracota com folha bordada
imagens/acervo_anterior/exec-8aa3a704-cb83-40d9-a26d-c178ac4b7538.png,66dffe249ba41e8feed438c70d0ed6340302a74b5d5e90826e7009123c515d2f,COE-NPC-010,roupa:tunica_azul_decote,peca,media,"#186; Nilo estágio mais velho: túnica, costas"
imagens/acervo_anterior/exec-dda3c656-b12e-4a53-af86-aa3b9eb5e20c.png,5ab5e576bffe06f2d3219ec67ee147cdd2653a1c81b526266edb441f93201167,COE-NPC-010,nilo,perfil,media,#187; mesmo estágio de #180
imagens/acervo_anterior/exec-28a66fd7-3b67-49ad-9a04-e6a5fda42cc0.png,974272a3bb1aee6fc7ba7d02e3f27423b890291f29bfe7891fd9cace589f0f10,COE-NPC-012,roupa:tunica_ferrugem_manga_curta,peca,media,"#188; Sera 8: túnica, costas"
imagens/acervo_anterior/exec-322e1b30-afc8-4524-b570-65a0c80b7572.png,c5029acb17ac03cb08cfcec4f1d2a8bd2635c82a797a5d904a72df1f6aa6e766,COE-NPC-012,sera,perfil,alta,#189; mesma menina de #181
imagens/acervo_anterior/exec-f65aacd8-86a5-459f-8819-2df77443f8f6.png,083a1d0499e2e82aa3615c85737e8dc65e8addf3f8bc9bb3264033dac0216580,COE-NPC-010,nilo,costas,media,#190; mesmo estágio de #180
imagens/acervo_anterior/exec-c03fb42c-6eb7-49e4-a028-55e690067873.png,9b25cc8e8a798602be513d8695d47e5630e3def58f4265403d9f04ff85845f8c,COE-NPC-012,sera,costas,alta,#191; mesma menina de #181
imagens/acervo_anterior/exec-55feaf71-2bfc-4799-942c-f53e1eb646a4.png,c724f9f638ecedac37bcda29c56c028b843ca76c69b906c5193b985d9e37f350,COE-NPC-010,nilo,rosto,media,#192; mesmo estágio de #180
imagens/acervo_anterior/exec-9ed459e6-5b36-4500-a590-aeda4808d585.png,627d0dea061046cba5043af6f17aade8e1bac98f671451cf6c6b89f46a59fe2f,COE-NPC-012,sera,rosto,alta,#193; mesma menina de #181
imagens/acervo_anterior/exec-aa9585b7-9331-4aa2-97c1-4eef5fd648b2.png,4f4344784d7b87dc7ba664c7257e4a401c1cf48c66030b36dbd28b909417c11d,COE-NPC-010,roupa:calca_oliva_trabalho,peca,baixa,#194; provável Nilo; idade incerta
imagens/acervo_anterior/exec-73e67a8a-42fb-4e55-b6b3-322d7e75637b.png,c3f24cdb921b0e077f7993c104fccb4d6a3427835b87d553c6b118f3398873db,COE-NPC-012,roupa:calca_verde_joelheira,peca,baixa,#195; provável Sera 8 (verde da faixa de Sera)
imagens/acervo_anterior/exec-3d5982f8-b97e-4073-8fe7-1aef1f9009e9.png,0dd493db8bd65f879d6639c01872520433270b1e805c3b6a517a56c20e5b6dd1,COE-NPC-012,roupa:sapato_de_tira_infantil,peca,media,#196; Sera 8: sapato (puxador verde)
imagens/acervo_anterior/exec-526560a9-30f2-4586-b025-6d553326250b.png,0aa5ae3670206b8f9b693f30af3a8363ffd8277a26a0c20d4f7228403af671f8,COE-NPC-010,roupa:bota_de_fivela,peca,baixa,#197; provável Nilo (puxador azul); idade incerta
imagens/acervo_anterior/exec-088a259c-0370-4aa1-936e-747985a72b73.png,1d3ee51ff6a20a646b661c308fba72ac70c843eda93cf169fa4f910526effd82,COE-NPC-001,roupa:tunica_verde_adulto,peca,media,"#198; Mara: túnica, frente; costas é #115 (gerada no fim do acervo)"
imagens/nova_producao/COE-NPC-013_base_frente.png,3dd0cee5f48033fc7d23dda730c1bbe5648bde6417b5360175baecfb6fd3cb13,COE-NPC-013,sera,frente,alta,corpo de referência de macacão marfim (registro_nova_producao); Sera 15 anos
imagens/nova_producao/COE-NPC-014_base_frente.png,ffc7481b583a438a22b6d96a20058aa9e09554436089fde4e1796deac2e92938,COE-NPC-014,sera,frente,alta,"corpo de referência de macacão marfim (registro_nova_producao); registro pede adulta de 27 anos, aparenta ~17 e é quase igual a 013"
imagens/nova_producao/COE-NPC-015_base_frente.png,f097ba8fc3d90935341a566ba954ea417e8dbd367d33b87e6c7b1ce699179e1e,COE-NPC-015,oren,frente,alta,corpo de referência de macacão marfim (registro_nova_producao)
imagens/nova_producao/COE-NPC-016_base_frente.png,eb1632dbb57835b08b7baa46c71bbb0e0d05b68cda0b745360ff47ec736654bd,COE-NPC-016,maelis,frente,alta,corpo de referência de macacão marfim (registro_nova_producao)
imagens/nova_producao/COE-NPC-022_base_frente.png,019cd7075abce9c9f74121e977adc8784eb0eaecefab82d5f7868a031e0781f4,COE-NPC-022,npc:alde_agricultora_b,frente,alta,corpo de referência de macacão marfim (registro_nova_producao)
imagens/nova_producao/COE-NPC-024_base_frente.png,296385d43782491ffac5127bf28f204f24f97c97fb0695807fa5c61c14ee3f1d,COE-NPC-024,npc:guarda_regional,frente,alta,corpo de referência de macacão marfim (registro_nova_producao)
imagens/nova_producao/COE-NPC-021_base_frente.png,651f307024c9a53cc9db516e33a6d56698831687cba9c33d9bd8273a03afc7df,COE-NPC-021,npc:aldeao_agricultor_a,frente,alta,corpo de referência de macacão marfim (registro_nova_producao)
imagens/nova_producao/COE-NPC-023_base_frente.png,c74e27ce64aa3484432807e43b60a1b9ef7b2b82561c3fa093846f7008203844,COE-NPC-023,npc:artesao_secundario,frente,alta,corpo de referência de macacão marfim (registro_nova_producao)
imagens/nova_producao/COE-NPC-025_base_frente.png,b07b5e40ddaa3d2ccf264897b1d2f5b39ff5fc9d36708321ed4bdcbf30a48914,COE-NPC-025,npc:mercador_viajante,frente,alta,corpo de referência de macacão marfim (registro_nova_producao)
imagens/nova_producao/COE-NPC-028_base_frente.png,eaddcefbc9918457a8bd61f2f335dc6bea3dccb84548ea04dcd78375e25622f8,COE-NPC-028,npc:sacerdote_local,frente,alta,corpo de referência de macacão marfim (registro_nova_producao)
imagens/nova_producao/COE-NPC-029_base_frente.png,595d47f24a14e1dc8d5488b843cc93d99501f505b0aa83d4deeb8f8959b160fd,COE-NPC-029,npc:aprendiz_de_ferreiro,frente,alta,corpo de referência de macacão marfim (registro_nova_producao); adolescente de 16 anos
imagens/nova_producao/COE-NPC-030_base_frente.png,8531c05f46731d55531b28c1263e33011f1d2122a22afe33612a1af5e93c5158,COE-NPC-030,npc:professora_de_lythar,frente,alta,corpo de referência de macacão marfim (registro_nova_producao)
imagens/nova_producao/COE-NPC-013_base_perfil.png,27e4df135861751f2c52aeabe078f894910c439b8bbd8bb47948ddf0f7a17dd1,COE-NPC-013,sera,perfil,alta,corpo de referência de macacão marfim (registro_nova_producao); Sera 15 anos
imagens/nova_producao/COE-NPC-014_base_perfil.png,10fdcbe5b6cf032370b05dae726861a7eca5a186be5f79c21e5a0143a14a339e,COE-NPC-014,sera,perfil,alta,"corpo de referência de macacão marfim (registro_nova_producao); registro pede adulta de 27 anos, aparenta ~17 e é quase igual a 013"
imagens/nova_producao/COE-NPC-015_base_perfil.png,9b86ea8a6ae97f5d0eb99fb4cb202f12e3a3b043618858f9a1a47c84eaaacb43,COE-NPC-015,oren,perfil,alta,corpo de referência de macacão marfim (registro_nova_producao)
imagens/nova_producao/COE-NPC-016_base_perfil.png,49b0a89cf7fa3edd3053a991ff1e2bb668347b77c38f14f4e21c44fb37d1b45b,COE-NPC-016,maelis,perfil,alta,corpo de referência de macacão marfim (registro_nova_producao)
imagens/nova_producao/COE-NPC-021_base_perfil.png,566a9e8d096a34ff3ab0bfb5129d8dd090c0b7ff44034e6f825dfc47eba9eddf,COE-NPC-021,npc:aldeao_agricultor_a,perfil,alta,corpo de referência de macacão marfim (registro_nova_producao)
imagens/nova_producao/COE-NPC-023_base_perfil.png,175e93041dccd9597411c2571d78d7da1fabfbc65c4eff9865b3b49423e704cd,COE-NPC-023,npc:artesao_secundario,perfil,alta,corpo de referência de macacão marfim (registro_nova_producao)
imagens/nova_producao/COE-NPC-022_base_perfil.png,2915fdc51c6051f3fa64ea21a71b642d1f8b6998d4f266cf09cc2efca2bbc8dc,COE-NPC-022,npc:alde_agricultora_b,perfil,alta,corpo de referência de macacão marfim (registro_nova_producao)
imagens/nova_producao/COE-NPC-024_base_perfil.png,993ef0a9265997938497b4391bcac11a14adeaa23a5024ed9894af109cafe5e8,COE-NPC-024,npc:guarda_regional,perfil,alta,corpo de referência de macacão marfim (registro_nova_producao)
imagens/nova_producao/COE-NPC-025_base_perfil.png,da180bcffa3c8533a1e35e589eb2853a34a32d2b1355f2a40b5fc0300c7c3c6c,COE-NPC-025,npc:mercador_viajante,perfil,alta,corpo de referência de macacão marfim (registro_nova_producao)
imagens/nova_producao/COE-NPC-028_base_perfil.png,0b9306c55ea15a03b3bc40f101e1fb700f3545e6c66c932c21d143442c8155f1,COE-NPC-028,npc:sacerdote_local,perfil,alta,corpo de referência de macacão marfim (registro_nova_producao)
imagens/nova_producao/COE-NPC-029_base_perfil.png,db60384f913141604b6bb99418191252418868044f06967ec316b0757cad7607,COE-NPC-029,npc:aprendiz_de_ferreiro,perfil,alta,corpo de referência de macacão marfim (registro_nova_producao); adolescente de 16 anos
imagens/nova_producao/COE-NPC-030_base_perfil.png,61b0194095b747f27e989f2952c2de32f47f44c31b1c427b22c93563916a46b8,COE-NPC-030,npc:professora_de_lythar,perfil,alta,corpo de referência de macacão marfim (registro_nova_producao)
imagens/nova_producao/COE-NPC-013_base_costas.png,ddc99a9fec090d8ee098a17066dc6dcb63e2e0a234c0ab32b9c968a1d41363b1,COE-NPC-013,sera,costas,alta,corpo de referência de macacão marfim (registro_nova_producao); Sera 15 anos
imagens/nova_producao/COE-NPC-014_base_costas.png,6528008db045a015f3e51f2c736f5e1f5f68f74dd9d725fa8ef293c7db57ba29,COE-NPC-014,sera,costas,alta,"corpo de referência de macacão marfim (registro_nova_producao); registro pede adulta de 27 anos, aparenta ~17 e é quase igual a 013"
imagens/nova_producao/COE-NPC-015_base_costas.png,c30c935b52df91d3fb5bfa6ef4ad40f2aea77ecbbe7bb2f5f14c04f4cb5dfcad,COE-NPC-015,oren,costas,alta,corpo de referência de macacão marfim (registro_nova_producao)
imagens/nova_producao/COE-NPC-016_base_costas.png,38e62bf644565d79748a496a49ade1a5c914a26ab42f4f601e20acb6f8c386b1,COE-NPC-016,maelis,costas,alta,corpo de referência de macacão marfim (registro_nova_producao)
imagens/nova_producao/COE-NPC-022_base_costas.png,16d9cab8bb493015d359253674feca66faa15c3e4b3c48140f60de70f30b3814,COE-NPC-022,npc:alde_agricultora_b,costas,alta,corpo de referência de macacão marfim (registro_nova_producao)
imagens/nova_producao/COE-NPC-021_base_costas.png,8b49aaf39b985522ff47aac0305c9d1a34287eb9f1c062efc53f88889039d85c,COE-NPC-021,npc:aldeao_agricultor_a,costas,alta,corpo de referência de macacão marfim (registro_nova_producao)
imagens/nova_producao/COE-NPC-023_base_costas.png,ece5290b4cdfd9e6b1954a49bb5bd3c3a2e51b8697c1a7531161fa31bec9e268,COE-NPC-023,npc:artesao_secundario,costas,alta,corpo de referência de macacão marfim (registro_nova_producao)
imagens/nova_producao/COE-NPC-024_base_costas.png,0141588c0d53c4e72e30034345592255fb8f4b7545024b76a4903d5f77d503c7,COE-NPC-024,npc:guarda_regional,costas,alta,corpo de referência de macacão marfim (registro_nova_producao)
imagens/nova_producao/COE-NPC-030_base_costas.png,95d5abebdfcd83a15fe365986b3aee83ed4219e7f9c6eb8035801d9ffafc769a,COE-NPC-030,npc:professora_de_lythar,costas,alta,corpo de referência de macacão marfim (registro_nova_producao)
imagens/nova_producao/COE-NPC-029_base_costas.png,60d72c16562e4f58987a6786567c06179baeaad992d2e229e0f27f8a24e2f3db,COE-NPC-029,npc:aprendiz_de_ferreiro,costas,alta,corpo de referência de macacão marfim (registro_nova_producao); adolescente de 16 anos
imagens/nova_producao/COE-NPC-025_base_costas.png,b871485bb8bb4ab9e4f2ef6541949135bd3fcc8a52b946cc611e97d4d2595fe0,COE-NPC-025,npc:mercador_viajante,costas,alta,corpo de referência de macacão marfim (registro_nova_producao)
imagens/nova_producao/COE-NPC-028_base_costas.png,856f7d31b35bd86010865b64108231b2af4213dd0988df3444b753376790a6e9,COE-NPC-028,npc:sacerdote_local,costas,alta,corpo de referência de macacão marfim (registro_nova_producao)
