t_s,fps,frame_ms,alloc_mb,battery,temp_c,device,gpu,fps_min_1s,qualidade
58.7,28.1,35.56,108,1.00,n/d,Nitro ANV15-51 (Acer),NVIDIA GeForce RTX 3050 6GB Laptop GPU,28.1,Alta
59.7,29.8,33.51,106,1.00,n/d,Nitro ANV15-51 (Acer),NVIDIA GeForce RTX 3050 6GB Laptop GPU,29.6,Alta
60.7,29.9,33.43,106,1.00,n/d,Nitro ANV15-51 (Acer),NVIDIA GeForce RTX 3050 6GB Laptop GPU,29.7,Alta
61.7,29.9,33.43,106,1.00,n/d,Nitro ANV15-51 (Acer),NVIDIA GeForce RTX 3050 6GB Laptop GPU,29.6,Alta
62.7,29.9,33.42,106,1.00,n/d,Nitro ANV15-51 (Acer),NVIDIA GeForce RTX 3050 6GB Laptop GPU,29.7,Alta
63.7,29.9,33.49,106,1.00,n/d,Nitro ANV15-51 (Acer),NVIDIA GeForce RTX 3050 6GB Laptop GPU,29.6,Alta
64.7,29.9,33.48,106,1.00,n/d,Nitro ANV15-51 (Acer),NVIDIA GeForce RTX 3050 6GB Laptop GPU,29.6,Alta
65.7,29.5,33.92,106,1.00,n/d,Nitro ANV15-51 (Acer),NVIDIA GeForce RTX 3050 6GB Laptop GPU,25.3,Alta
66.7,29.9,33.43,106,1.00,n/d,Nitro ANV15-51 (Acer),NVIDIA GeForce RTX 3050 6GB Laptop GPU,29.7,Alta
67.7,29.9,33.40,106,1.00,n/d,Nitro ANV15-51 (Acer),NVIDIA GeForce RTX 3050 6GB Laptop GPU,29.6,Alta
68.7,29.9,33.45,106,1.00,n/d,Nitro ANV15-51 (Acer),NVIDIA GeForce RTX 3050 6GB Laptop GPU,29.3,Alta
69.7,29.9,33.40,106,1.00,n/d,Nitro ANV15-51 (Acer),NVIDIA GeForce RTX 3050 6GB Laptop GPU,29.6,Alta
70.7,29.9,33.48,106,1.00,n/d,Nitro ANV15-51 (Acer),NVIDIA GeForce RTX 3050 6GB Laptop GPU,29.5,Alta
71.7,29.9,33.44,106,1.00,n/d,Nitro ANV15-51 (Acer),NVIDIA GeForce RTX 3050 6GB Laptop GPU,28.5,Alta
72.7,29.9,33.41,106,1.00,n/d,Nitro ANV15-51 (Acer),NVIDIA GeForce RTX 3050 6GB Laptop GPU,29.7,Alta
73.7,29.9,33.39,106,1.00,n/d,Nitro ANV15-51 (Acer),NVIDIA GeForce RTX 3050 6GB Laptop GPU,29.7,Alta
74.7,29.9,33.42,106,1.00,n/d,Nitro ANV15-51 (Acer),NVIDIA GeForce RTX 3050 6GB Laptop GPU,29.6,Alta
75.7,29.9,33.44,106,1.00,n/d,Nitro ANV15-51 (Acer),NVIDIA GeForce RTX 3050 6GB Laptop GPU,29.6,Alta
76.7,29.9,33.46,106,1.00,n/d,Nitro ANV15-51 (Acer),NVIDIA GeForce RTX 3050 6GB Laptop GPU,29.7,Alta
77.7,29.9,33.41,106,1.00,n/d,Nitro ANV15-51 (Acer),NVIDIA GeForce RTX 3050 6GB Laptop GPU,29.6,Alta
78.7,30.0,33.39,106,1.00,n/d,Nitro ANV15-51 (Acer),NVIDIA GeForce RTX 3050 6GB Laptop GPU,29.6,Alta
79.7,29.9,33.40,106,1.00,n/d,Nitro ANV15-51 (Acer),NVIDIA GeForce RTX 3050 6GB Laptop GPU,29.6,Alta
80.7,30.0,33.35,106,1.00,n/d,Nitro ANV15-51 (Acer),NVIDIA GeForce RTX 3050 6GB Laptop GPU,29.7,Alta
81.7,30.0,33.37,106,1.00,n/d,Nitro ANV15-51 (Acer),NVIDIA GeForce RTX 3050 6GB Laptop GPU,29.6,Alta
82.7,29.9,33.39,106,1.00,n/d,Nitro ANV15-51 (Acer),NVIDIA GeForce RTX 3050 6GB Laptop GPU,29.7,Alta
83.7,29.9,33.40,106,1.00,n/d,Nitro ANV15-51 (Acer),NVIDIA GeForce RTX 3050 6GB Laptop GPU,29.6,Alta
84.7,29.9,33.42,106,1.00,n/d,Nitro ANV15-51 (Acer),NVIDIA GeForce RTX 3050 6GB Laptop GPU,29.4,Alta
85.7,30.0,33.35,106,1.00,n/d,Nitro ANV15-51 (Acer),NVIDIA GeForce RTX 3050 6GB Laptop GPU,29.7,Alta
86.7,30.0,33.39,106,1.00,n/d,Nitro ANV15-51 (Acer),NVIDIA GeForce RTX 3050 6GB Laptop GPU,29.7,Alta
87.7,30.0,33.38,106,1.00,n/d,Nitro ANV15-51 (Acer),NVIDIA GeForce RTX 3050 6GB Laptop GPU,29.6,Alta
88.7,29.9,33.45,106,1.00,n/d,Nitro ANV15-51 (Acer),NVIDIA GeForce RTX 3050 6GB Laptop GPU,29.7,Alta
89.7,29.9,33.44,106,1.00,n/d,Nitro ANV15-51 (Acer),NVIDIA GeForce RTX 3050 6GB Laptop GPU,29.3,Alta
90.8,29.8,33.55,106,1.00,n/d,Nitro ANV15-51 (Acer),NVIDIA GeForce RTX 3050 6GB Laptop GPU,27.2,Alta
91.8,29.9,33.42,106,1.00,n/d,Nitro ANV15-51 (Acer),NVIDIA GeForce RTX 3050 6GB Laptop GPU,29.6,Alta
92.8,29.9,33.50,106,1.00,n/d,Nitro ANV15-51 (Acer),NVIDIA GeForce RTX 3050 6GB Laptop GPU,29.5,Alta
93.8,30.0,33.36,106,1.00,n/d,Nitro ANV15-51 (Acer),NVIDIA GeForce RTX 3050 6GB Laptop GPU,29.7,Alta
94.8,29.9,33.47,106,1.00,n/d,Nitro ANV15-51 (Acer),NVIDIA GeForce RTX 3050 6GB Laptop GPU,29.5,Alta
95.8,30.0,33.37,106,1.00,n/d,Nitro ANV15-51 (Acer),NVIDIA GeForce RTX 3050 6GB Laptop GPU,29.3,Alta
96.8,29.9,33.40,106,1.00,n/d,Nitro ANV15-51 (Acer),NVIDIA GeForce RTX 3050 6GB Laptop GPU,29.6,Alta
97.8,30.0,33.37,106,1.00,n/d,Nitro ANV15-51 (Acer),NVIDIA GeForce RTX 3050 6GB Laptop GPU,29.6,Alta
98.8,29.9,33.40,106,1.00,n/d,Nitro ANV15-51 (Acer),NVIDIA GeForce RTX 3050 6GB Laptop GPU,29.7,Alta
99.8,29.9,33.41,106,1.00,n/d,Nitro ANV15-51 (Acer),NVIDIA GeForce RTX 3050 6GB Laptop GPU,29.6,Alta
100.8,29.9,33.43,106,1.00,n/d,Nitro ANV15-51 (Acer),NVIDIA GeForce RTX 3050 6GB Laptop GPU,29.3,Alta
101.8,29.9,33.42,106,1.00,n/d,Nitro ANV15-51 (Acer),NVIDIA GeForce RTX 3050 6GB Laptop GPU,29.7,Alta
102.8,29.9,33.46,106,1.00,n/d,Nitro ANV15-51 (Acer),NVIDIA GeForce RTX 3050 6GB Laptop GPU,29.6,Alta
103.8,29.7,33.65,106,1.00,n/d,Nitro ANV15-51 (Acer),NVIDIA GeForce RTX 3050 6GB Laptop GPU,26.6,Alta
104.8,29.9,33.43,106,1.00,n/d,Nitro ANV15-51 (Acer),NVIDIA GeForce RTX 3050 6GB Laptop GPU,29.7,Alta
105.8,29.9,33.46,106,1.00,n/d,Nitro ANV15-51 (Acer),NVIDIA GeForce RTX 3050 6GB Laptop GPU,29.6,Alta
106.8,29.9,33.47,106,1.00,n/d,Nitro ANV15-51 (Acer),NVIDIA GeForce RTX 3050 6GB Laptop GPU,29.6,Alta
107.8,29.9,33.44,106,1.00,n/d,Nitro ANV15-51 (Acer),NVIDIA GeForce RTX 3050 6GB Laptop GPU,29.6,Alta
108.8,29.9,33.42,106,1.00,n/d,Nitro ANV15-51 (Acer),NVIDIA GeForce RTX 3050 6GB Laptop GPU,29.6,Alta
109.8,29.9,33.40,106,1.00,n/d,Nitro ANV15-51 (Acer),NVIDIA GeForce RTX 3050 6GB Laptop GPU,29.7,Alta
110.8,29.9,33.42,106,1.00,n/d,Nitro ANV15-51 (Acer),NVIDIA GeForce RTX 3050 6GB Laptop GPU,29.6,Alta
111.8,29.8,33.53,106,1.00,n/d,Nitro ANV15-51 (Acer),NVIDIA GeForce RTX 3050 6GB Laptop GPU,28.1,Alta
112.8,30.0,33.37,106,1.00,n/d,Nitro ANV15-51 (Acer),NVIDIA GeForce RTX 3050 6GB Laptop GPU,29.6,Alta
113.8,29.9,33.42,106,1.00,n/d,Nitro ANV15-51 (Acer),NVIDIA GeForce RTX 3050 6GB Laptop GPU,29.7,Alta
114.8,29.9,33.40,106,1.00,n/d,Nitro ANV15-51 (Acer),NVIDIA GeForce RTX 3050 6GB Laptop GPU,29.6,Alta
115.8,29.9,33.41,106,1.00,n/d,Nitro ANV15-51 (Acer),NVIDIA GeForce RTX 3050 6GB Laptop GPU,29.7,Alta
116.8,30.0,33.37,106,1.00,n/d,Nitro ANV15-51 (Acer),NVIDIA GeForce RTX 3050 6GB Laptop GPU,29.6,Alta
117.8,29.9,33.44,106,1.00,n/d,Nitro ANV15-51 (Acer),NVIDIA GeForce RTX 3050 6GB Laptop GPU,29.7,Alta
118.8,30.0,33.38,106,1.00,n/d,Nitro ANV15-51 (Acer),NVIDIA GeForce RTX 3050 6GB Laptop GPU,29.6,Alta
119.8,30.0,33.38,106,1.00,n/d,Nitro ANV15-51 (Acer),NVIDIA GeForce RTX 3050 6GB Laptop GPU,29.6,Alta
120.8,29.9,33.42,106,1.00,n/d,Nitro ANV15-51 (Acer),NVIDIA GeForce RTX 3050 6GB Laptop GPU,29.6,Alta
121.8,29.9,33.46,106,1.00,n/d,Nitro ANV15-51 (Acer),NVIDIA GeForce RTX 3050 6GB Laptop GPU,29.6,Alta
122.8,29.9,33.44,106,1.00,n/d,Nitro ANV15-51 (Acer),NVIDIA GeForce RTX 3050 6GB Laptop GPU,29.5,Alta
